no_name_01,../data/test_images/no_name_01/no_name_02.jpg,0,IMAGE NOT FOUND
no_name_01,../data/test_images/no_name_01/no_name_05.jpg,0,IMAGE NOT FOUND
no_name_01,../data/test_images/no_name_01/no_name_04.jpg,0,IMAGE NOT FOUND
no_name_01,../data/test_images/no_name_01/no_name_03.jpg,0,IMAGE NOT FOUND
no_name_01,../data/test_images/no_name_01/no_name_01.jpg,0,IMAGE NOT FOUND
../data/test_images/no_name_01/no_name_01.jpg,FACE NOT DETECTED
vipin,../data/test_images/vipin/vipin_02.png,1,IMAGE NOT FOUND
vipin,../data/test_images/vipin/vipin_01.png,1,IMAGE NOT FOUND
vipin,../data/test_images/vipin/vipin_05.png,1,IMAGE NOT FOUND
vipin,../data/test_images/vipin/vipin_07.png,1,IMAGE NOT FOUND
vipin,../data/test_images/vipin/vipin_04.png,1,IMAGE NOT FOUND
vipin,../data/test_images/vipin/vipin_03.png,1,IMAGE NOT FOUND
../data/test_images/vipin/vipin_03.png,FACE NOT DETECTED
devender,../data/test_images/devender/devender_02.jpg,2,IMAGE NOT FOUND
devender,../data/test_images/devender/devender_01.jpg,2,IMAGE NOT FOUND
../data/test_images/devender/devender_01.jpg,FACE NOT DETECTED
rahul,../data/test_images/rahul/rahul_01.jpg,3,IMAGE NOT FOUND
rahul,../data/test_images/rahul/rahul_04.jpg,3,IMAGE NOT FOUND
rahul,../data/test_images/rahul/rahul_08.jpg,3,IMAGE NOT FOUND
rahul,../data/test_images/rahul/rahul_06.jpg,3,IMAGE NOT FOUND
rahul,../data/test_images/rahul/rahul_03.png,3,1,8
rahul,../data/test_images/rahul/rahul_05.jpg,3,IMAGE NOT FOUND
rahul,../data/test_images/rahul/rahul_02.jpg,3,IMAGE NOT FOUND
rahul,../data/test_images/rahul/rahul_07.jpg,3,IMAGE NOT FOUND
../data/test_images/rahul/rahul_07.jpg,FACE NOT DETECTED
hammad,../data/test_images/hammad/hammad_02.jpg,4,IMAGE NOT FOUND
hammad,../data/test_images/hammad/hammad_03.jpg,4,IMAGE NOT FOUND
hammad,../data/test_images/hammad/hammad_01.jpg,4,IMAGE NOT FOUND
../data/test_images/hammad/hammad_01.jpg,FACE NOT DETECTED
eashan,../data/test_images/eashan/eashan_03.jpg,6,IMAGE NOT FOUND
eashan,../data/test_images/eashan/eashan_04.jpg,6,IMAGE NOT FOUND
eashan,../data/test_images/eashan/eashan_01.jpg,6,IMAGE NOT FOUND
eashan,../data/test_images/eashan/eashan_02.jpg,6,IMAGE NOT FOUND
eashan,../data/test_images/eashan/eashan_06.jpg,6,IMAGE NOT FOUND
eashan,../data/test_images/eashan/eashan_05.jpg,6,IMAGE NOT FOUND
../data/test_images/eashan/eashan_05.jpg,FACE NOT DETECTED
vijay,../data/test_images/vijay/vijay_02.jpg,8,IMAGE NOT FOUND
vijay,../data/test_images/vijay/vijay_01.jpg,8,IMAGE NOT FOUND
vijay,../data/test_images/vijay/vijay_06.jpg,8,IMAGE NOT FOUND
vijay,../data/test_images/vijay/vijay_05.jpg,8,IMAGE NOT FOUND
vijay,../data/test_images/vijay/vijay_03.jpg,8,IMAGE NOT FOUND
vijay,../data/test_images/vijay/vijay_04.jpg,8,IMAGE NOT FOUND
vijay,../data/test_images/vijay/vijay_08.jpg,8,IMAGE NOT FOUND
vijay,../data/test_images/vijay/vijay_07.jpg,8,IMAGE NOT FOUND
../data/test_images/vijay/vijay_07.jpg,FACE NOT DETECTED
pragya,../data/test_images/pragya/pragya_02.jpg,5,IMAGE NOT FOUND
pragya,../data/test_images/pragya/pragya_05.jpg,5,IMAGE NOT FOUND
pragya,../data/test_images/pragya/pragya_06.jpg,5,1,8
pragya,../data/test_images/pragya/pragya_07.png,5,IMAGE NOT FOUND
../data/test_images/pragya/pragya_07.png,FACE NOT DETECTED
vaibhav,../data/test_images/vaibhav/vaibhav_02.jpg,9,IMAGE NOT FOUND
vaibhav,../data/test_images/vaibhav/vaibhav_15.jpg,9,IMAGE NOT FOUND
vaibhav,../data/test_images/vaibhav/vaibhav_05.jpg,9,IMAGE NOT FOUND
vaibhav,../data/test_images/vaibhav/vaibhav_06.jpg,9,IMAGE NOT FOUND
vaibhav,../data/test_images/vaibhav/vaibhav_07.jpg,9,IMAGE NOT FOUND
vaibhav,../data/test_images/vaibhav/vaibhav_03.jpg,9,IMAGE NOT FOUND
vaibhav,../data/test_images/vaibhav/vaibhav_01.jpg,9,IMAGE NOT FOUND
vaibhav,../data/test_images/vaibhav/vaibhav_04.png,9,IMAGE NOT FOUND
vaibhav,../data/test_images/vaibhav/vaibhav_04.jpg,9,IMAGE NOT FOUND
../data/test_images/vaibhav/vaibhav_04.jpg,FACE NOT DETECTED
pallav,../data/test_images/pallav/pallav_04.jpg,9,IMAGE NOT FOUND
pallav,../data/test_images/pallav/pallav_05.jpg,9,IMAGE NOT FOUND
pallav,../data/test_images/pallav/pallav_01.jpg,9,IMAGE NOT FOUND
pallav,../data/test_images/pallav/pallav_03.jpg,9,IMAGE NOT FOUND
pallav,../data/test_images/pallav/pallav_02.jpg,9,IMAGE NOT FOUND
pallav,../data/test_images/pallav/pallav_06.jpg,9,IMAGE NOT FOUND
../data/test_images/pallav/pallav_06.jpg,FACE NOT DETECTED
